eliasegg,10c49945-56f3-4a19-9f1f-8087fea92b06
jigbon,43015a4f-140e-474e-872f-f7b0b4d79313
juel,98eaee23-6d42-4c3c-9175-3cf1b96da2e8
retrovidya,58e04810-1da0-4e17-ba7f-f2c22e90047f
lordsherman,7e418993-7482-43b2-a8f6-740d6a308ce5
smattox,fea22ef0-3efd-463b-8d3f-cc0e543fa57c
allandev,bdc83502-6d75-4c26-a633-729e9ed81aee
robert_beckley,c0a68af6-e4ee-4b2b-b6bd-4287d97f0755
robsalt,a1715a94-02b9-4b78-8b68-256497cef79f
lordnoah,7a79ba8e-d1fb-4f02-835d-df7f560dfd17
spiderrobotman,28bb290c-cce5-481c-b158-d7f9a042100d
cory,3716427e-76ac-4df4-a50a-706618a70f0c
